Make,Model,Model Year,VehicleID
ACURA,ZDX,2024,1
ALFA ROMEO,TONALE,2024,2
ALFA ROMEO,TONALE,2025,3
AUDI,A3,2016,4
AUDI,A3,2017,5
AUDI,A3,2018,6
AUDI,A6,2025,7
AUDI,A7 E,2021,8
AUDI,A8 E,2020,9
AUDI,E-TRON,2019,10
AUDI,E-TRON,2021,11
AUDI,E-TRON,2022,12
AUDI,E-TRON,2023,13
AUDI,E-TRON GT,2022,14
AUDI,E-TRON GT,2023,15
AUDI,E-TRON GT,2024,16
AUDI,E-TRON SPORTBACK,2020,17
AUDI,E-TRON SPORTBACK,2021,18
AUDI,E-TRON SPORTBACK,2022,19
AUDI,Q4,2022,20
AUDI,Q4,2023,21
AUDI,Q4,2024,22
AUDI,Q4,2025,23
AUDI,Q4,2026,24
AUDI,Q5,2022,25
AUDI,Q5 E,2020,26
AUDI,Q5 E,2021,27
AUDI,Q5 E,2023,28
AUDI,Q5 E,2024,29
AUDI,Q5 E,2025,30
AUDI,Q6,2025,31
AUDI,Q8,2024,32
AUDI,RS E-TRON GT,2022,33
AUDI,RS E-TRON GT,2023,34
AUDI,RS E-TRON GT,2024,35
AUDI,RS E-TRON GT,2025,36
AUDI,RS E-TRON GT,2026,37
AUDI,S E-TRON GT,2025,38
AUDI,S6,2025,39
AUDI,SQ6,2025,40
AUDI,SQ8,2024,41
AZURE DYNAMICS,TRANSIT CONNECT ELECTRIC,2011,42
BENTLEY,BENTAYGA,2021,43
BENTLEY,BENTAYGA,2023,44
BENTLEY,BENTAYGA,2024,45
BENTLEY,CONTINENTAL,2025,46
BENTLEY,FLYING SPUR,2022,47
BENTLEY,FLYING SPUR,2025,48
BMW,330E,2016,49
BMW,330E,2017,50
BMW,330E,2018,51
BMW,330E,2021,52
BMW,330E,2022,53
BMW,330E,2023,54
BMW,330E,2024,55
BMW,530E,2018,56
BMW,530E,2019,57
BMW,530E,2020,58
BMW,530E,2021,59
BMW,530E,2022,60
BMW,530E,2023,61
BMW,550E,2025,62
BMW,550E,2026,63
BMW,740E,2017,64
BMW,740E,2018,65
BMW,740E,2019,66
BMW,745E,2020,67
BMW,745E,2021,68
BMW,745LE,2022,69
BMW,750E,2024,70
BMW,750E,2025,71
BMW,I3,2014,72
BMW,I3,2015,73
BMW,I3,2016,74
BMW,I3,2017,75
BMW,I3,2018,76
BMW,I3,2019,77
BMW,I3,2020,78
BMW,I3,2021,79
BMW,I4,2022,80
BMW,I4,2023,81
BMW,I4,2024,82
BMW,I4,2025,83
BMW,I5,2024,84
BMW,I5,2025,85
BMW,I5,2026,86
BMW,I7,2023,87
BMW,I7,2024,88
BMW,I7,2025,89
BMW,I7,2026,90
BMW,I8,2014,91
BMW,I8,2015,92
BMW,I8,2016,93
BMW,I8,2017,94
BMW,I8,2019,95
BMW,IX,2022,96
BMW,IX,2023,97
BMW,IX,2024,98
BMW,IX,2025,99
BMW,IX,2026,100
BMW,M5,2025,101
BMW,M5,2026,102
BMW,X3,2020,103
BMW,X3,2021,104
BMW,X5,2016,105
BMW,X5,2017,106
BMW,X5,2018,107
BMW,X5,2021,108
BMW,X5,2022,109
BMW,X5,2023,110
BMW,X5,2024,111
BMW,X5,2025,112
BMW,X5,2026,113
BMW,XM,2024,114
BMW,XM,2025,115
BRIGHTDROP,ZEVO,2023,116
BRIGHTDROP,ZEVO,2024,117
CADILLAC,CT6,2017,118
CADILLAC,CT6,2018,119
CADILLAC,ELR,2014,120
CADILLAC,ELR,2016,121
CADILLAC,LYRIQ,2023,122
CADILLAC,LYRIQ,2024,123
CADILLAC,LYRIQ,2025,124
CADILLAC,LYRIQ,2026,125
CADILLAC,OPTIQ,2025,126
CADILLAC,OPTIQ,2026,127
CADILLAC,VISTIQ,2026,128
CHEVROLET,BLAZER,2024,129
CHEVROLET,BLAZER,2025,130
CHEVROLET,BLAZER,2026,131
CHEVROLET,BOLT EUV,2022,132
CHEVROLET,BOLT EUV,2023,133
CHEVROLET,BOLT EV,2017,134
CHEVROLET,BOLT EV,2018,135
CHEVROLET,BOLT EV,2019,136
CHEVROLET,BOLT EV,2020,137
CHEVROLET,BOLT EV,2021,138
CHEVROLET,BOLT EV,2022,139
CHEVROLET,BOLT EV,2023,140
CHEVROLET,BRIGHTDROP,2025,141
CHEVROLET,EQUINOX,2024,142
CHEVROLET,EQUINOX,2025,143
CHEVROLET,EQUINOX,2026,144
CHEVROLET,SILVERADO,2024,145
CHEVROLET,SILVERADO,2025,146
CHEVROLET,SILVERADO,2026,147
CHEVROLET,SPARK,2014,148
CHEVROLET,SPARK,2015,149
CHEVROLET,SPARK,2016,150
CHEVROLET,VOLT,2011,151
CHEVROLET,VOLT,2012,152
CHEVROLET,VOLT,2013,153
CHEVROLET,VOLT,2014,154
CHEVROLET,VOLT,2015,155
CHEVROLET,VOLT,2016,156
CHEVROLET,VOLT,2017,157
CHEVROLET,VOLT,2018,158
CHEVROLET,VOLT,2019,159
CHRYSLER,PACIFICA,2017,160
CHRYSLER,PACIFICA,2018,161
CHRYSLER,PACIFICA,2019,162
CHRYSLER,PACIFICA,2020,163
CHRYSLER,PACIFICA,2021,164
CHRYSLER,PACIFICA,2022,165
CHRYSLER,PACIFICA,2023,166
CHRYSLER,PACIFICA,2024,167
CHRYSLER,PACIFICA,2025,168
CHRYSLER,PACIFICA,2026,169
DODGE,CHARGER,2024,170
DODGE,CHARGER,2025,171
DODGE,CHARGER,2026,172
DODGE,HORNET,2024,173
FIAT,500,2013,174
FIAT,500,2014,175
FIAT,500,2015,176
FIAT,500,2016,177
FIAT,500,2017,178
FIAT,500,2018,179
FIAT,500,2019,180
FIAT,500E,2024,181
FIAT,500E,2025,182
FISKER,KARMA,2012,183
FISKER,OCEAN,2023,184
FORD,C-MAX,2013,185
FORD,C-MAX,2014,186
FORD,C-MAX,2015,187
FORD,C-MAX,2016,188
FORD,C-MAX,2017,189
FORD,ESCAPE,2021,190
FORD,ESCAPE,2022,191
FORD,ESCAPE,2023,192
FORD,ESCAPE,2024,193
FORD,ESCAPE,2025,194
FORD,F-150,2022,195
FORD,F-150,2023,196
FORD,F-150,2024,197
FORD,F-150,2025,198
FORD,FOCUS,2012,199
FORD,FOCUS,2013,200
FORD,FOCUS,2014,201
FORD,FOCUS,2015,202
FORD,FOCUS,2016,203
FORD,FOCUS,2017,204
FORD,FOCUS,2018,205
FORD,FUSION,2013,206
FORD,FUSION,2014,207
FORD,FUSION,2015,208
FORD,FUSION,2016,209
FORD,FUSION,2017,210
FORD,FUSION,2018,211
FORD,FUSION,2019,212
FORD,FUSION,2020,213
FORD,MUSTANG MACH-E,2021,214
FORD,MUSTANG MACH-E,2022,215
FORD,MUSTANG MACH-E,2023,216
FORD,MUSTANG MACH-E,2024,217
FORD,MUSTANG MACH-E,2025,218
FORD,RANGER,1999,219
FORD,RANGER,2000,220
FORD,TRANSIT,2022,221
FORD,TRANSIT,2023,222
FORD,TRANSIT,2024,223
FORD,TRANSIT,2025,224
FORD,TRANSIT,2026,225
GENESIS,G80,2023,226
GENESIS,G80,2024,227
GENESIS,GV60,2023,228
GENESIS,GV60,2024,229
GENESIS,GV60,2025,230
GENESIS,GV60,2026,231
GENESIS,GV70,2023,232
GENESIS,GV70,2024,233
GENESIS,GV70,2025,234
GENESIS,GV70,2026,235
GMC,HUMMER EV PICKUP,2024,236
GMC,HUMMER EV PICKUP,2025,237
GMC,HUMMER EV SUV,2024,238
GMC,HUMMER EV SUV,2025,239
GMC,SIERRA,2025,240
GMC,SIERRA,2026,241
HONDA,ACCORD,2014,242
HONDA,CLARITY,2018,243
HONDA,CLARITY,2019,244
HONDA,CLARITY,2020,245
HONDA,CLARITY,2021,246
HONDA,PROLOGUE,2024,247
HONDA,PROLOGUE,2025,248
HONDA,PROLOGUE,2026,249
HYUNDAI,IONIQ,2017,250
HYUNDAI,IONIQ,2018,251
HYUNDAI,IONIQ,2019,252
HYUNDAI,IONIQ,2020,253
HYUNDAI,IONIQ,2021,254
HYUNDAI,IONIQ,2022,255
HYUNDAI,IONIQ 5,2022,256
HYUNDAI,IONIQ 5,2023,257
HYUNDAI,IONIQ 5,2024,258
HYUNDAI,IONIQ 5,2025,259
HYUNDAI,IONIQ 5,2026,260
HYUNDAI,IONIQ 5 N,2025,261
HYUNDAI,IONIQ 6,2023,262
HYUNDAI,IONIQ 6,2024,263
HYUNDAI,IONIQ 6,2025,264
HYUNDAI,IONIQ 9,2026,265
HYUNDAI,KONA,2019,266
HYUNDAI,KONA,2020,267
HYUNDAI,KONA,2021,268
HYUNDAI,KONA,2022,269
HYUNDAI,KONA,2023,270
HYUNDAI,KONA,2024,271
HYUNDAI,KONA,2025,272
HYUNDAI,SANTA FE,2022,273
HYUNDAI,SANTA FE,2023,274
HYUNDAI,SONATA,2016,275
HYUNDAI,SONATA,2017,276
HYUNDAI,SONATA,2019,277
HYUNDAI,TUCSON,2022,278
HYUNDAI,TUCSON,2023,279
HYUNDAI,TUCSON,2024,280
HYUNDAI,TUCSON,2025,281
HYUNDAI,TUCSON,2026,282
JAGUAR,I-PACE,2019,283
JAGUAR,I-PACE,2020,284
JAGUAR,I-PACE,2022,285
JAGUAR,I-PACE,2023,286
JAGUAR,I-PACE,2024,287
JEEP,GRAND CHEROKEE,2022,288
JEEP,GRAND CHEROKEE,2023,289
JEEP,GRAND CHEROKEE,2024,290
JEEP,GRAND CHEROKEE,2025,291
JEEP,WAGONEER S,2024,292
JEEP,WAGONEER S,2025,293
JEEP,WRANGLER,2021,294
JEEP,WRANGLER,2022,295
JEEP,WRANGLER,2023,296
JEEP,WRANGLER,2024,297
JEEP,WRANGLER,2025,298
KIA,EV6,2022,299
KIA,EV6,2023,300
KIA,EV6,2024,301
KIA,EV6,2025,302
KIA,EV9,2024,303
KIA,EV9,2025,304
KIA,EV9,2026,305
KIA,NIRO,2018,306
KIA,NIRO,2019,307
KIA,NIRO,2020,308
KIA,NIRO,2021,309
KIA,NIRO,2022,310
KIA,NIRO,2023,311
KIA,NIRO,2024,312
KIA,NIRO,2025,313
KIA,OPTIMA,2017,314
KIA,OPTIMA,2018,315
KIA,OPTIMA,2019,316
KIA,OPTIMA,2020,317
KIA,SORENTO,2022,318
KIA,SORENTO,2023,319
KIA,SORENTO,2024,320
KIA,SORENTO,2025,321
KIA,SORENTO,2026,322
KIA,SOUL,2015,323
KIA,SOUL,2016,324
KIA,SOUL,2017,325
KIA,SOUL,2018,326
KIA,SOUL,2019,327
KIA,SPORTAGE,2023,328
KIA,SPORTAGE,2024,329
KIA,SPORTAGE,2025,330
KIA,SPORTAGE,2026,331
LAMBORGHINI,REVUELTO,2024,332
LAMBORGHINI,REVUELTO,2025,333
LAMBORGHINI,REVUELTO,2026,334
LAMBORGHINI,URUS,2025,335
LAND ROVER,RANGE ROVER,2020,336
LAND ROVER,RANGE ROVER,2021,337
LAND ROVER,RANGE ROVER,2023,338
LAND ROVER,RANGE ROVER,2024,339
LAND ROVER,RANGE ROVER,2025,340
LAND ROVER,RANGE ROVER SPORT,2020,341
LAND ROVER,RANGE ROVER SPORT,2021,342
LAND ROVER,RANGE ROVER SPORT,2023,343
LAND ROVER,RANGE ROVER SPORT,2024,344
LAND ROVER,RANGE ROVER SPORT,2025,345
LEXUS,NX,2022,346
LEXUS,NX,2023,347
LEXUS,NX,2024,348
LEXUS,NX,2025,349
LEXUS,NX,2026,350
LEXUS,RX,2024,351
LEXUS,RX,2025,352
LEXUS,RX,2026,353
LEXUS,RZ,2023,354
LEXUS,RZ,2024,355
LEXUS,RZ,2025,356
LEXUS,RZ,2026,357
LEXUS,TX,2024,358
LEXUS,TX,2025,359
LEXUS,TX,2026,360
LINCOLN,AVIATOR,2020,361
LINCOLN,AVIATOR,2021,362
LINCOLN,AVIATOR,2022,363
LINCOLN,AVIATOR,2023,364
LINCOLN,CORSAIR,2021,365
LINCOLN,CORSAIR,2022,366
LINCOLN,CORSAIR,2023,367
LINCOLN,CORSAIR,2024,368
LINCOLN,CORSAIR,2025,369
LINCOLN,CORSAIR,2026,370
LUCID,AIR,2022,371
LUCID,AIR,2023,372
LUCID,AIR,2024,373
LUCID,AIR,2025,374
LUCID,AIR,2026,375
LUCID,GRAVITY,2025,376
LUCID,GRAVITY,2026,377
MASERATI,GRANCABRIO,2025,378
MAZDA,CX-70,2025,379
MAZDA,CX-90,2024,380
MAZDA,CX-90,2025,381
MAZDA,CX-90,2026,382
MAZDA,MX-30,2022,383
MAZDA,MX-30,2023,384
MERCEDES-BENZ,AMG GT,2025,385
MERCEDES-BENZ,AMG GT,2026,386
MERCEDES-BENZ,B-CLASS,2014,387
MERCEDES-BENZ,B-CLASS,2015,388
MERCEDES-BENZ,B-CLASS,2016,389
MERCEDES-BENZ,B-CLASS,2017,390
MERCEDES-BENZ,C-CLASS,2016,391
MERCEDES-BENZ,C-CLASS,2017,392
MERCEDES-BENZ,C-CLASS,2018,393
MERCEDES-BENZ,C-CLASS,2025,394
MERCEDES-BENZ,E-CLASS,2025,395
MERCEDES-BENZ,E-CLASS,2026,396
MERCEDES-BENZ,EQB-CLASS,2022,397
MERCEDES-BENZ,EQB-CLASS,2023,398
MERCEDES-BENZ,EQB-CLASS,2024,399
MERCEDES-BENZ,EQB-CLASS,2025,400
MERCEDES-BENZ,EQE-CLASS SEDAN,2023,401
MERCEDES-BENZ,EQE-CLASS SEDAN,2024,402
MERCEDES-BENZ,EQE-CLASS SEDAN,2025,403
MERCEDES-BENZ,EQE-CLASS SEDAN,2026,404
MERCEDES-BENZ,EQE-CLASS SUV,2023,405
MERCEDES-BENZ,EQE-CLASS SUV,2024,406
MERCEDES-BENZ,EQE-CLASS SUV,2025,407
MERCEDES-BENZ,EQE-CLASS SUV,2026,408
MERCEDES-BENZ,EQS-CLASS SEDAN,2022,409
MERCEDES-BENZ,EQS-CLASS SEDAN,2023,410
MERCEDES-BENZ,EQS-CLASS SEDAN,2024,411
MERCEDES-BENZ,EQS-CLASS SEDAN,2025,412
MERCEDES-BENZ,EQS-CLASS SUV,2023,413
MERCEDES-BENZ,EQS-CLASS SUV,2024,414
MERCEDES-BENZ,EQS-CLASS SUV,2025,415
MERCEDES-BENZ,EQS-CLASS SUV,2026,416
MERCEDES-BENZ,ESPRINTER,2024,417
MERCEDES-BENZ,ESPRINTER,2025,418
MERCEDES-BENZ,G-CLASS,2025,419
MERCEDES-BENZ,GLC-CLASS,2018,420
MERCEDES-BENZ,GLC-CLASS,2019,421
MERCEDES-BENZ,GLC-CLASS,2020,422
MERCEDES-BENZ,GLC-CLASS,2025,423
MERCEDES-BENZ,GLC-CLASS,2026,424
MERCEDES-BENZ,GLE-CLASS,2016,425
MERCEDES-BENZ,GLE-CLASS,2017,426
MERCEDES-BENZ,GLE-CLASS,2018,427
MERCEDES-BENZ,GLE-CLASS,2024,428
MERCEDES-BENZ,GLE-CLASS,2025,429
MERCEDES-BENZ,GLE-CLASS,2026,430
MERCEDES-BENZ,S-CLASS,2015,431
MERCEDES-BENZ,S-CLASS,2016,432
MERCEDES-BENZ,S-CLASS,2017,433
MERCEDES-BENZ,S-CLASS,2024,434
MERCEDES-BENZ,S-CLASS,2025,435
MERCEDES-BENZ,SL-CLASS,2025,436
MINI,COUNTRYMAN,2018,437
MINI,COUNTRYMAN,2019,438
MINI,COUNTRYMAN,2020,439
MINI,COUNTRYMAN,2021,440
MINI,COUNTRYMAN,2022,441
MINI,COUNTRYMAN,2023,442
MINI,COUNTRYMAN,2025,443
MINI,HARDTOP,2020,444
MINI,HARDTOP,2021,445
MINI,HARDTOP,2022,446
MINI,HARDTOP,2023,447
MINI,HARDTOP,2024,448
MITSUBISHI,I-MIEV,2012,449
MITSUBISHI,I-MIEV,2014,450
MITSUBISHI,I-MIEV,2016,451
MITSUBISHI,I-MIEV,2017,452
MITSUBISHI,OUTLANDER,2018,453
MITSUBISHI,OUTLANDER,2019,454
MITSUBISHI,OUTLANDER,2020,455
MITSUBISHI,OUTLANDER,2021,456
MITSUBISHI,OUTLANDER,2022,457
MITSUBISHI,OUTLANDER,2023,458
MITSUBISHI,OUTLANDER,2024,459
MITSUBISHI,OUTLANDER,2025,460
MULLEN AUTOMOTIVE INC.,ONE,2024,461
NISSAN,ARIYA HATCHBACK,2023,462
NISSAN,ARIYA HATCHBACK,2024,463
NISSAN,ARIYA MPV,2025,464
NISSAN,LEAF,2011,465
NISSAN,LEAF,2012,466
NISSAN,LEAF,2013,467
NISSAN,LEAF,2014,468
NISSAN,LEAF,2015,469
NISSAN,LEAF,2016,470
NISSAN,LEAF,2017,471
NISSAN,LEAF,2018,472
NISSAN,LEAF,2019,473
NISSAN,LEAF,2020,474
NISSAN,LEAF,2021,475
NISSAN,LEAF,2022,476
NISSAN,LEAF,2023,477
NISSAN,LEAF,2024,478
NISSAN,LEAF,2025,479
NISSAN,LEAF,2026,480
POLESTAR,POLESTAR 3,2025,481
POLESTAR,PS2,2021,482
POLESTAR,PS2,2022,483
POLESTAR,PS2,2023,484
POLESTAR,PS2,2024,485
POLESTAR,PS2,2025,486
PORSCHE,918,2015,487
PORSCHE,CAYENNE,2015,488
PORSCHE,CAYENNE,2016,489
PORSCHE,CAYENNE,2017,490
PORSCHE,CAYENNE,2018,491
PORSCHE,CAYENNE,2019,492
PORSCHE,CAYENNE,2020,493
PORSCHE,CAYENNE,2021,494
PORSCHE,CAYENNE,2022,495
PORSCHE,CAYENNE,2023,496
PORSCHE,CAYENNE,2024,497
PORSCHE,CAYENNE,2025,498
PORSCHE,CAYENNE,2026,499
PORSCHE,MACAN,2024,500
PORSCHE,MACAN,2025,501
PORSCHE,PANAMERA,2014,502
PORSCHE,PANAMERA,2015,503
PORSCHE,PANAMERA,2016,504
PORSCHE,PANAMERA,2018,505
PORSCHE,PANAMERA,2019,506
PORSCHE,PANAMERA,2020,507
PORSCHE,PANAMERA,2021,508
PORSCHE,PANAMERA,2022,509
PORSCHE,PANAMERA,2023,510
PORSCHE,PANAMERA,2025,511
PORSCHE,PANAMERA,2026,512
PORSCHE,TAYCAN,2020,513
PORSCHE,TAYCAN,2021,514
PORSCHE,TAYCAN,2022,515
PORSCHE,TAYCAN,2023,516
PORSCHE,TAYCAN,2024,517
PORSCHE,TAYCAN,2025,518
PORSCHE,TAYCAN,2026,519
RAM,PROMASTER 3500,2024,520
RAM,PROMASTER 3500,2025,521
RIVIAN,EDV,2022,522
RIVIAN,EDV,2023,523
RIVIAN,EDV,2024,524
RIVIAN,EDV,2025,525
RIVIAN,R1S,2022,526
RIVIAN,R1S,2023,527
RIVIAN,R1S,2024,528
RIVIAN,R1S,2025,529
RIVIAN,R1S,2026,530
RIVIAN,R1T,2022,531
RIVIAN,R1T,2023,532
RIVIAN,R1T,2024,533
RIVIAN,R1T,2025,534
RIVIAN,R1T,2026,535
RIVIAN,RCV,2024,536
ROLLS-ROYCE,SPECTRE,2024,537
ROLLS-ROYCE,SPECTRE,2025,538
SMART,EQ FORTWO,2018,539
SMART,EQ FORTWO,2019,540
SMART,FORTWO,2016,541
SMART,FORTWO,2017,542
SMART,FORTWO ELECTRIC DRIVE,2013,543
SMART,FORTWO ELECTRIC DRIVE,2014,544
SMART,FORTWO ELECTRIC DRIVE,2015,545
SUBARU,CROSSTREK,2019,546
SUBARU,SOLTERRA,2023,547
SUBARU,SOLTERRA,2024,548
SUBARU,SOLTERRA,2025,549
SUBARU,SOLTERRA,2026,550
TESLA,CYBERTRUCK,2024,551
TESLA,CYBERTRUCK,2025,552
TESLA,CYBERTRUCK,2026,553
TESLA,MODEL 3,2017,554
TESLA,MODEL 3,2018,555
TESLA,MODEL 3,2019,556
TESLA,MODEL 3,2020,557
TESLA,MODEL 3,2021,558
TESLA,MODEL 3,2022,559
TESLA,MODEL 3,2023,560
TESLA,MODEL 3,2024,561
TESLA,MODEL 3,2025,562
TESLA,MODEL 3,2026,563
TESLA,MODEL S,2012,564
TESLA,MODEL S,2013,565
TESLA,MODEL S,2014,566
TESLA,MODEL S,2015,567
TESLA,MODEL S,2016,568
TESLA,MODEL S,2017,569
TESLA,MODEL S,2018,570
TESLA,MODEL S,2019,571
TESLA,MODEL S,2020,572
TESLA,MODEL S,2021,573
TESLA,MODEL S,2022,574
TESLA,MODEL S,2023,575
TESLA,MODEL S,2024,576
TESLA,MODEL S,2025,577
TESLA,MODEL S,2026,578
TESLA,MODEL X,2016,579
TESLA,MODEL X,2017,580
TESLA,MODEL X,2018,581
TESLA,MODEL X,2019,582
TESLA,MODEL X,2020,583
TESLA,MODEL X,2021,584
TESLA,MODEL X,2022,585
TESLA,MODEL X,2023,586
TESLA,MODEL X,2024,587
TESLA,MODEL X,2025,588
TESLA,MODEL X,2026,589
TESLA,MODEL Y,2020,590
TESLA,MODEL Y,2021,591
TESLA,MODEL Y,2022,592
TESLA,MODEL Y,2023,593
TESLA,MODEL Y,2024,594
TESLA,MODEL Y,2025,595
TESLA,MODEL Y,2026,596
TESLA,ROADSTER,2008,597
TESLA,ROADSTER,2010,598
TESLA,ROADSTER,2011,599
TH!NK,CITY,2011,600
TOYOTA,BZ,2026,601
TOYOTA,BZ4X,2023,602
TOYOTA,BZ4X,2024,603
TOYOTA,BZ4X,2025,604
TOYOTA,MIRAI,2023,605
TOYOTA,PRIUS,2012,606
TOYOTA,PRIUS,2013,607
TOYOTA,PRIUS,2014,608
TOYOTA,PRIUS,2015,609
TOYOTA,PRIUS PRIME (PHEV),2017,610
TOYOTA,PRIUS PRIME (PHEV),2018,611
TOYOTA,PRIUS PRIME (PHEV),2019,612
TOYOTA,PRIUS PRIME (PHEV),2020,613
TOYOTA,PRIUS PRIME (PHEV),2021,614
TOYOTA,PRIUS PRIME (PHEV),2022,615
TOYOTA,PRIUS PRIME (PHEV),2023,616
TOYOTA,PRIUS PRIME (PHEV),2024,617
TOYOTA,PRIUS PRIME (PHEV),2025,618
TOYOTA,PRIUS PRIME (PHEV),2026,619
TOYOTA,RAV4,2002,620
TOYOTA,RAV4,2003,621
TOYOTA,RAV4,2012,622
TOYOTA,RAV4,2013,623
TOYOTA,RAV4,2014,624
TOYOTA,RAV4 PRIME (PHEV),2021,625
TOYOTA,RAV4 PRIME (PHEV),2022,626
TOYOTA,RAV4 PRIME (PHEV),2023,627
TOYOTA,RAV4 PRIME (PHEV),2024,628
TOYOTA,RAV4 PRIME (PHEV),2025,629
VINFAST,VF 8,2023,630
VINFAST,VF 8,2024,631
VOLKSWAGEN,E-GOLF,2015,632
VOLKSWAGEN,E-GOLF,2016,633
VOLKSWAGEN,E-GOLF,2017,634
VOLKSWAGEN,E-GOLF,2018,635
VOLKSWAGEN,E-GOLF,2019,636
VOLKSWAGEN,ID. BUZZ,2025,637
VOLKSWAGEN,ID.4,2021,638
VOLKSWAGEN,ID.4,2022,639
VOLKSWAGEN,ID.4,2023,640
VOLKSWAGEN,ID.4,2024,641
VOLKSWAGEN,ID.4,2025,642
VOLKSWAGEN,ID.4,2026,643
VOLVO,C40,2022,644
VOLVO,C40,2023,645
VOLVO,C40,2024,646
VOLVO,EX30,2025,647
VOLVO,EX30,2026,648
VOLVO,EX30 CC,2026,649
VOLVO,EX40,2025,650
VOLVO,EX40,2026,651
VOLVO,EX90,2025,652
VOLVO,S60,2019,653
VOLVO,S60,2020,654
VOLVO,S60,2021,655
VOLVO,S60,2022,656
VOLVO,S60,2023,657
VOLVO,S60,2024,658
VOLVO,S60,2025,659
VOLVO,S90,2018,660
VOLVO,S90,2019,661
VOLVO,S90,2020,662
VOLVO,S90,2023,663
VOLVO,S90,2024,664
VOLVO,V60,2020,665
VOLVO,V60,2021,666
VOLVO,V60,2022,667
VOLVO,V60,2023,668
VOLVO,V60,2024,669
VOLVO,V60,2025,670
VOLVO,XC40,2021,671
VOLVO,XC40,2022,672
VOLVO,XC40,2023,673
VOLVO,XC40,2024,674
VOLVO,XC60,2018,675
VOLVO,XC60,2019,676
VOLVO,XC60,2020,677
VOLVO,XC60,2021,678
VOLVO,XC60,2022,679
VOLVO,XC60,2023,680
VOLVO,XC60,2024,681
VOLVO,XC60,2025,682
VOLVO,XC60,2026,683
VOLVO,XC90,2016,684
VOLVO,XC90,2017,685
VOLVO,XC90,2018,686
VOLVO,XC90,2019,687
VOLVO,XC90,2020,688
VOLVO,XC90,2021,689
VOLVO,XC90,2022,690
VOLVO,XC90,2023,691
VOLVO,XC90,2024,692
VOLVO,XC90,2025,693
VOLVO,XC90,2026,694
WHEEGO ELECTRIC CARS,WHEEGO,2010,695
